N,c1,c2,c3,tau_mid,p_eff_pred_at_mid,quad_over_lin_weight,p_level1_V2
4,0.008798312221093832,0.011493787252780868,0.00023121159266134192,2.25,1.7871103231554561,2.9393161630199387,1.584193
6,-0.03462299577462192,0.04153123229425337,-0.003036858615189967,2.25,2.4430311918619476,2.6989366625104094,2.128718
8,-0.024408706478648463,0.1149745166680962,-0.003505539643478508,2.25,2.0307656754385506,10.598376555902629,1.411184
10,-0.0011485990382999775,0.2609042800034675,-0.0025222556924795123,2.25,1.979724352717492,511.0875165598799,0.998438
